tool_id,tool_name,tool_url
6660,ChatGPT,https://chatgpt.com
13820,Qwen,https://qwenlm.ai
12057,Grok,https://x.ai
12052,DataBricks,https://databricks.com
778,Deel,https://deel.com
21649,Sora,https://sora.com
733,Grammarly,https://grammarly.com
13698,Supabase,https://supabase.com
12163,CoreWeave,https://coreweave.com
6552,Epidemic Sound,https://epidemicsound.com
741,MiroAI,https://miro.com
12102,Airtable,https://airtable.com
12176,Ramp,https://ramp.com
6629,Coda,https://coda.io
13070,Hugging Face,https://huggingface.co
729,Nextiva,https://nextiva.com
12126,VisualCode,https://branch.io
834,Imagine by Meta,https://meta.ai
13811,Kimi,https://kimi.ai
722,Wix,https://wix.com
12214,Clickup,https://clickup.com
772,Anduril,https://anduril.com
764,Synk Code,https://snyk.io
13095,Loom AI,https://loom.com
3403,Procore Technologies,https://procore.com
3726,HomeByte,https://flyhomes.com
6760,Synthesia,https://synthesia.io
837,AnimatedDrawings,https://sketch.metademolab.com
833,Llama,https://llama.com
5571,Inflection,https://inflection.ai
12090,CircleCI,https://circleci.com
720,UiPath,https://uipath.com
874,Lemonade,https://lemonade.com
12975,Superhuman,https://superhuman.com
806,Nvidia / NeMo,https://build.nvidia.com
6554,Mixpanel Spark,https://mixpanel.com
4320,n8n,https://n8n.io
6748,LambdaTest,https://lambdatest.com
685,CCC Information Services,https://cccis.com
12121,Notion,https://notion.com
797,CGI,https://cgi.com
774,Metropolis,https://metropolis.io
13063,Groq,https://groq.com
705,Palantir/ AIP,https://palantir.com
4524,Alan,https://alan.com
12182,Claude,https://claude.ai
6756,Retool,https://retool.com
12159,Donovan,https://scale.com
748,Insider,https://useinsider.com
13666,Kittl,https://kittl.com
5716,Suno,https://suno.com
5984,Mistral AI,https://mistral.ai
740,Dialpad,https://dialpad.com
12093,Intercom,https://intercom.com
6719,Neuralink,https://neuralink.com
911,prolific.com,https://prolific.com
867,Tricentis,https://tricentis.com
4962,Warp AI,https://warp.dev
12113,Segment,https://segment.com
6563,Kajabi,https://kajabi.com
4077,Arc,https://arc.net
725,AlphaSense,https://alpha-sense.com
12509,Pond5,https://pond5.com
4858,Raycast AI,https://raycast.com
12047,Unity,https://unity.com
3151,Clay,https://clay.com
6733,AI21Labs,https://ai21.com
12119,Kore.ai,https://kore.ai
6576,Vidyard,https://vidyard.com
10105,Lovable,https://lovable.dev
3529,Whimsical Mind Maps,https://whimsical.com
6632,Droom Technology,https://droom.in
765,Verily,https://verily.com
5910,Genspark.ai,https://genspark.ai
876,Tempus Labs,https://tempus.com
4090,Attio,https://attio.com
12155,Paradox ai,https://paradox.ai
12175,Glean,https://glean.com
12040,Genesys,https://genesys.com
6762,Weights & Biases,https://wandb.ai
21795,Opera,https://opera.com
12729,Framer,https://framer.com
6824,Writer’s AI Content Detector,https://writer.com
6630,DataCamp,https://datacamp.com
3076,Air,https://air.inc
6613,Sendbird,https://sendbird.com
836,Segment Anything,https://segment-anything.com
13580,Riverside,https://riverside.fm
7210,Mindbody,https://mindbodyonline.com
13456,Pitch,https://pitch.com
12029,SambaNova Systems,https://sambanova.ai
6755,Quillbot,https://quillbot.com
13093,Leapsome,https://leapsome.com
5527,Figure,https://figure.ai
2962,Formulate,https://relexsolutions.com
838,Spark AR Studio,https://spark.meta.com
12154,Pagaya.com,https://pagaya.com
747,UBTech Robotics,https://ubtrobot.com
13128,Rows AI,https://rows.com
828,GenAI by Meta,https://ai.meta.com
6795,Coral,https://cohere.com
12158,Pony.ai,https://pony.ai
724,Zuora,https://zuora.com
751,Dataiku,https://dataiku.com
13660,HeyGen,https://heygen.com
4656,Fathom 2.0,https://fathom.video
12464,Reflektion,https://sitecore.com
2721,Beacons,https://beacons.ai
12039,Pegasystems,https://pega.com
726,Cloudera,https://cloudera.com
5048,Cal.com,https://cal.com
829,Audiobox by Meta,https://audiobox.metademolab.com
734,Sprinklr,https://sprinklr.com
12140,Shield AI,https://shield.ai
4933,Tome,https://tome.app
870,MEGVII,https://megvii.com
6529,SoundHound,https://soundhound.com
12080,DoubleVerify,https://doubleverify.com
835,SeamlessExpressive,https://seamless.metademolab.com
13659,Hebbia,https://hebbia.com
12131,Rivet,https://ironcladapp.com
13483,Sprig,https://sprig.com
12169,WeRide.ai,https://weride.ai
13055,Clockwise,https://getclockwise.com
4673,Gamma,https://gamma.app
6763,Wayve,https://wayve.ai
21308,Creative Fabrica Studio,https://studio.creativefabrica.com
951,Systeme,https://systeme.io
12095,Redis Labs,https://redis.io
6441,Talkie,https://talkie-ai.com
873,Project44,https://project44.com
711,Gupshup,https://gupshup.io
6827,Helsing,https://helsing.ai
12977,Tailor Brands,https://tailorbrands.com
8273,Spline,https://spline.design
12768,Splice,https://splice.com
13236,Chip,https://getchip.uk
12083,Vendasta,https://vendasta.com
8217,Playbook.com,https://playbook.com
12170,Abnormal,https://abnormalsecurity.com
721,Anaplan,https://anaplan.com
13788,Together AI,https://together.ai
13296,Pulumi,https://pulumi.com
13027,Daily.co,https://daily.co
4394,Roboflow,https://roboflow.com
12789,Animoca Brands,https://animocabrands.com
12153,Nuro,https://nuro.ai
6256,Clideo,https://clideo.com
12115,Webflow,https://webflow.com
2238,SandboxAQ,https://sandboxaq.com
13212,D-ID,https://d-id.com
5373,Transkriptor,https://transkriptor.com
771,Tekion Corp,https://tekion.com
13774,Harvey,https://harvey.ai
12086,DataStax/AstraDB,https://datastax.com
13467,Remove.bg,https://remove.bg
742,Canva,https://canva.com
6624,Beamery,https://beamery.com
12078,unico,https://unico.io
862,iFLYTEK,https://iflytek.com
13663,Imagen AI,https://imagen-ai.com
12084,Bloomreach,https://bloomreach.com
780,Impress,https://smile2impress.com
753,Proofpoint,https://proofpoint.com
12116,Bynder,https://bynder.com
6793,Atlan,https://atlan.com
21647,MiniMax Chat,https://chat.minimax.io
13653,FlutterFlow,https://flutterflow.io
21236,Command R by Cohere,https://dashboard.cohere.com
13675,Nas.io,https://nas.io
13974,Upscale TV,https://upscale.media
8051,Consensus NLP,https://consensus.app
12137,Lattice,https://lattice.com
12118,FiscalNote,https://fiscalnote.com
12671,LANDR,https://landr.com
6669,iMyFone Technology,https://imyfone.com
12146,XtalPi,https://en.xtalpi.com/
6825,Cyera Labs,https://cyera.io
872,4Paradigm,https://en.4paradigm.com/index.html
4681,Magical AI,https://getmagical.com
12659,HackerEarth,https://hackerearth.com
13272,Nanonets,https://nanonets.com
3411,Publer AI,https://publer.com
868,o9 Solutions,https://o9solutions.com
13363,Abridge,https://abridge.com
2981,Shufti Pro,https://shuftipro.com
727,Health Catalyst,https://healthcatalyst.com
2988,Slite,https://slite.com
13447,Nightfall,https://nightfall.ai
13114,Otter.ai,https://otter.ai
6617,Zappi,https://zappi.io
13125,Replit,https://replit.com
21663,Studocu,https://www.studocu.com/
755,SentinelOne,https://sentinelone.com
718,Mendix,https://mendix.com
4695,Guidde,https://guidde.com
12842,Process.st,https://process.st
12087,Duo Security,https://duo.com
6689,Triller,https://triller.co
925,Rockeoney,https://rocketmoney.com
13182,Conformer2,https://assemblyai.com
4547,Bardeen,https://bardeen.ai
12687,Scribbr,https://scribbr.com
13271,Mighty Networks,https://mightynetworks.com
738,Alteryx,https://alteryx.com
749,Saleswhale,https://6sense.com
5117,Durable,https://durable.co
4899,Softr,https://softr.io
8290,Tactiq,https://tactiq.io
2995,Spyne,https://spyne.ai
6888,Freshworks,https://freshworks.com
699,Fractal,https://fractal.ai
12537,Howspace,https://howspace.com
5011,Anyword,https://anyword.com
5609,Leonardo,https://leonardo.ai
4690,Greg,https://greg.app
12114,ThoughtSpot,https://thoughtspot.com
13724,Codeium,https://codeium.com
12766,Soundtrack Your Brand,https://soundtrackyourbrand.com
2041,BrandCrowd,https://brandcrowd.com
839,Meta/ Voicebox,https://voicebox.metademolab.com
2522,Nispera,https://fluenceenergy.com
6745,Hailo,https://hailo.ai
11308,FlowCV,https://flowcv.com
12762,Rigetti Computing,https://rigetti.com
12767,Sourcegraph,https://sourcegraph.com
4924,Tavus,https://tavus.io
12827,LearnWorlds,https://learnworlds.com
6551,DNANexus,https://dnanexus.com
6819,Secureframe,https://secureframe.com
12909,Deepgram,https://deepgram.com
12075,Coveo AI,https://coveo.com
13532,Dover,https://dover.com
6665,Filevine,https://filevine.com
3470,Sonix,https://sonix.ai
2112,Liner,https://getliner.com
12081,GumGum,https://gumgum.com
12663,Icons8,https://icons8.com
11186,Cognito,https://cognitoedu.org
12082,Uniphore,https://uniphore.com
4724,Jam,https://jam.dev
12003,Cambridge Mobile Telematics,https://cmtelematics.com
12149,Graphcore,https://graphcore.ai
13435,Labelbox,https://labelbox.com
13326,Tabnine,https://tabnine.com
12664,Immersity AI,https://immersity.ai
7417,Resume Worded,https://resumeworded.com
6116,Vizard,https://vizard.ai
12097,VECTRA,https://vectra.ai
4894,Simplified,https://simplified.com
12165,DemandBase,https://demandbase.com
12152,Moveworks,https://moveworks.com
12077,Docebo LMS,https://docebo.com
6048,Sakana AI,https://sakana.ai
6014,poolside,https://poolside.ai
9879,AIT-CodeX,https://flowgpt.com
4180,Deepnote,https://deepnote.com
761,Gong Engage,https://gong.io
13278,nOps,https://nops.io
3801,LOGO.COM,https://logo.com
4157,Craft,https://craft.do
13727,DhiWise,https://dhiwise.com
9338,There's An AI For That,https://theresanaiforthat.com
13143,ThriveCart,https://thrivecart.com
830,Emu Edit,https://emu-edit.metademolab.com
1886,Brain.fm,https://my.brain.fm
2838,Hashnode Rix,https://hashnode.com
13614,Voiceflow,https://voiceflow.com
13138,Speak.com,https://speak.com
766,Advance Intelligence Group,https://advancegroup.com
13517,Baseten,https://baseten.co
6725,Tomorrow IO,https://tomorrow.io
13823,Sierra,https://sierra.ai
6611,Pixellot,https://pixellot.tv
5999,Krutrim,https://olakrutrim.com
17055,Giind,https://gitmind.com
5684,Recraft,https://recraft.ai
4062,Akkio,https://akkio.com
13508,Aleph Alpha,https://aleph-alpha.com
6744,Jerry.ai,https://getjerry.com
13786,Success.ai,https://success.ai
3169,Cursor ai,https://cursor.com
12006,SES AI,https://ses.ai
6565,Ada Health,https://ada.com
12761,Render Forest AI,https://renderforest.com
5602,LangSmith,https://langchain.com
12168,Verbit.ai,https://verbit.ai
12803,Density,https://density.io
6816,Jasper.ai,https://jasper.ai
5974,MagicSchool,https://magicschool.ai
12073,Sisense,https://sisense.com
12602,Bizzabo,https://bizzabo.com
6616,Weka.IO,https://weka.io
13243,Humane AI pin,https://humane.com
6532,Miovision,https://miovision.com
4841,Polywork,https://polywork.com
7727,BeamJobs,https://beamjobs.com
8460,Fliki,https://fliki.ai
13122,Rasa,https://rasa.com
13874,Sider AI,https://sider.ai
13312,Speechify,https://speechify.com
6704,Eightfold,https://eightfold.ai
12430,Nero AI,https://ai.nero.com
11047,AISEO.ai,https://aiseo.ai
6608,Lunit,https://lunit.io
12832,Minio,https://min.io
11285,Fal.ai,https://fal.ai
5547,Merlin,https://getmerlin.in
11980,Writecream,https://writecream.com
21741,Gilion,https://gilion.com
12896,Clearbit,https://clearbit.com
13364,accessiBe,https://accessibe.com
13403,Digits,https://digits.com
6742,Firework,https://firework.com
6693,Ada,https://ada.cx
6775,Insitro,https://insitro.com
12096,Signifyd,https://signifyd.com
12931,Teleport Assist,https://goteleport.com
18260,Monica,https://monica.im
4386,ReclaimAI,https://reclaim.ai
1954,Cernostics,https://castlebiosciences.com
8124,Instaheadshots,https://instaheadshots.com
9098,Magic AI,https://magic.dev
15895,Clipto,https://clipto.com
6729,Cleo,https://web.meetcleo.com
12212,Cognite,https://cognite.com
732,C3,https://c3.ai
13574,Puzzle,https://puzzle.io
11271,Erase.bg,https://erase.bg
12211,Cambricon Technologies,https://cambricon.com
12694,Venngage,https://venngage.com
832,ImageBind by Meta,https://imagebind.metademolab.com
13548,Hex,https://hex.tech
5988,MyShell,https://myshell.ai
12105,Appier,https://appier.com
866,Brandwatch Vizia,https://brandwatch.com
5623,Mermaid Chart,https://mermaidchart.com
6671,AI-Hub,https://instabase.com
12148,Einride,https://einride.tech
13513,Anyscale/ Ray,https://anyscale.com
12672,Loxo,https://loxo.co
13415,Flatfile,https://flatfile.com
13348,Vitally,https://vitally.io
6687,ELSA SPEECH ANALYZER,https://speechanalyzer.elsaspeak.com
12156,PathAI,https://pathai.com
13443,Mutiny,https://mutinyhq.com
13764,Akool,https://akool.com
13258,Krisp,https://krisp.ai
5825,Beehiiv,https://beehiiv.com
6667,Globality,https://globality.com
5528,Fillout,https://fillout.com
3194,Designevo,https://designevo.com
12209,Chaitin,https://chaitin.cn
3219,Fibery AI,https://fibery.io
13763,Adept,https://adept.ai
13408,Endel,https://endel.io
6621,Asapp,https://asapp.com
781,Onelink.to,https://onelink.to
13616,Weaviate,https://weaviate.io
3889,The Predictive Index,https://predictiveindex.com
1303,Zarla,https://zarla.com
5540,FutureTools.io,https://futuretools.io
6695,Aidoc,https://aidoc.com
6602,DroneDeploy,https://dronedeploy.com
3465,Smodin,https://smodin.io
5453,Aragon,https://aragon.ai
6752,OpenSpace,https://openspace.ai
5970,Liquid AI,https://liquid.ai
18819,Picwish,https://picwish.com
11487,Krea,https://krea.ai
9687,Cognition,https://cognition.ai
4287,Lightning,https://lightning.ai
12696,VidIq,https://vidiq.com
6774,Generate Biomedicines,https://generatebiomedicines.com
13627,Celestial AI,https://celestial.ai
8242,Relume,https://relume.io
6587,H2O.ai,https://h2o.ai
21648,1X,https://1x.tech
13309,Luminar Neo AI,https://skylum.com
4275,Keepertax,https://keepertax.com
13500,Veed.io,https://veed.io
13540,Findem,https://findem.ai
3344,MindsDB,https://mindsdb.com
4290,Lingvanex,https://lingvanex.com
5674,Codium,https://qodo.ai
13211,Descript,https://descript.com
6646,Rokid Corporation,https://rokid.ai
12733,Consensus,https://goconsensus.com
21404,Pyramid Analytics,https://pyramidanalytics.com
898,Zest AI,https://zest.ai
6568,Augury,https://augury.com
13184,Avoma,https://avoma.com
831,Emu Video,https://emu-video.metademolab.com
12732,Guru,https://getguru.com
5220,Kitt,https://livekit.io
13217,Dovetail,https://dovetail.com
6639,InSilico Medicine,https://insilico.com
13810,Hippocraticai,https://hippocraticai.com
12103,Algolia,https://algolia.com
895,Reveal-Brainspace,https://revealdata.com
6751,OBSERVE AI,https://observe.ai
6724,smartCAT,https://smartcat.com
6726,Viz.ai,https://viz.ai
5001,Solidus Ai Tech,https://aitech.io
12773,Lyro,https://tidio.com
12120,Lightricks,https://lightricks.com
13220,Elise AI,https://eliseai.com
6683,Ouster,https://ouster.com
91,Octoeverywhere,https://octoeverywhere.com
12023,Heyjobs,https://heyjobs.co
12794,Buoy Health,https://buoyhealth.com
12814,Gladly Sidekick,https://gladly.com
6739,Cresta,https://cresta.com
6564,Visier AI,https://visier.com
4253,Hour One,https://hourone.ai
6720,People AI,https://people.ai
6822,Transcarent,https://transcarent.com
21650,Accountable.eu,https://accountable.eu
6705,Electric AI,https://electric.ai
931,Cognigy,https://cognigy.com
13430,Intenseye,https://intenseye.com
4379,Qatalog,https://qatalog.com
8542,Locofy,https://locofy.ai
12888,B12.io,https://b12.io
871,Darktrace,https://darktrace.com
6690,CreateAI,https://www.iamcreate.ai/en-US
18207,Mimicpc,https://mimicpc.com
7189,Indie Hackers,https://indiehackers.com
12587,Musixmatch,https://musixmatch.com
6662,Datarails.com,https://datarails.com
5183,Hume AI,https://hume.ai
5223,Flythroughs,https://lumalabs.ai
3247,Golden,https://golden.com
2895,Looka,https://looka.com
13471,RunAI,https://run.ai
6782,Nowports,https://nowports.com
6798,EvenUp,https://evenuplaw.com
4591,Coefficient,https://coefficient.io
3065,Accountable.de,https://accountable.de
6675,Laiye,https://laiye.com
12213,Yellow.ai,https://yellow.ai
4437,Swimm,https://swimm.io
13570,Pinecone,https://pinecone.io
13372,Altana Trade,https://altana.ai
6741,Dexterity,https://dexterity.ai
3171,Cushion,https://cushion.ai
13321,SurferSEO,https://surferseo.com
4876,Rewind AI,https://rewind.ai
6778,Kodiak,https://kodiak.ai
12713,Casetext,https://casetext.com
20166,Swapface,https://swapface.org
777,Concert AI,https://concertai.com
890,Todoist,https://todoist.com
12700,AEye,https://aeye.ai
6743,Gatik,https://gatik.ai
6955,Unisound,https://unisound.com
5316,Retouch4me,https://retouch4.me
13319,Suki,https://suki.ai
6734,AISera,https://aisera.com
12261,OWOX BI,https://owox.com
4595,Command AI,https://command.ai
12025,Pair Finance,https://pairfinance.com
12147,ZEGOCLOUD,https://zegocloud.com
767,AnyMind Group,https://anymindgroup.com
12834,Keytalk AI,https://keytalkai.com
776,Agile Robots,https://agile-robots.com
6599,SparkCognition,https://avathon.com
6655,Alpaca,https://alpaca.markets
2177,Covve,https://covve.com
6676,Linksquares,https://linksquares.com
739,Coohom,https://coohom.com
6600,BenevolentAI,https://benevolent.com
17120,GPTBots,https://gptbots.ai
12937,Immuta,https://immuta.com
13585,Scribe,https://scribehow.com
6766,Antler,https://antler.co
13378,Arize,https://arize.com
13361,Zilliz,https://zilliz.com
21652,LEWIS by Keytalk AI,https://lewis.keytalkai.com
3527,Wave.Video,https://wave.video
5000,AirOps,https://airops.com
12863,Testim.io,https://testim.io
12178,Informa Tech,https://techtarget.com
20466,TopMediai®,https://topmediai.com
1585,Dola AI,https://heydola.com
6523,Hyperlex Software,https://dilitrust.com
20594,Tweethunter,https://tweethunter.io
2040,Vidado,https://blueprism.com
12776,Leap Motion,https://ultraleap.com
6761,Ubie Health,https://ubiehealth.com
3592,Anything World,https://anything.world
12216,Securiti,https://securiti.ai
5538,Futurepedia,https://futurepedia.io
6542,Invoca,https://invoca.com
13738,Inworld,https://inworld.ai
8030,Capacities,https://capacities.io
9963,Headshotpro,https://headshotpro.com
13240,GoLinks,https://golinks.io
692,Amelia,https://amelia.ai
3236,Genie AI,https://genieai.co
2953,PromoAI,https://promo.com
5557,GPTZero,https://gptzero.me
865,Afiniti,https://afiniti.com
6245,CapMonster Cloud,https://capmonster.cloud
992,Axelera AI,https://axelera.ai
5402,Visily,https://visily.ai
5969,Lindy,https://lindy.ai
4948,VanceAI,https://vanceai.com
937,Sana AI,https://sana.ai
13169,10Web,https://10web.io
15725,Chatbox,https://chatboxai.app
12026,Aeva,https://aeva.com
12008,Berkshire Grey,https://berkshiregrey.com
13783,RunPod,https://runpod.io
12038,Our Next Energy,https://one.ai
759,GitLab,https://gitlab.com
6721,PlusAI,https://plus.ai
4126,Builder.io,https://builder.io
8085,Eraser,https://eraser.io
13890,Think with Google,https://thinkwithgoogle.com
4447,Teal Resume Builder,https://tealhq.com
6615,Hive,https://thehive.ai
6642,Optibus,https://optibus.com
13589,Snorkel AI,https://snorkel.ai
10432,Sintra,https://sintra.ai
5418,Writesonic,https://writesonic.com
1155,Logomaster,https://logomaster.ai
2364,MadKudu,https://madkudu.com
918,Candis,https://candis.io
3000,StoryChief.io,https://storychief.io
2956,Ming Zhao,https://provenskincare.com
703,Vonage,https://vonage.com
4328,NightCafe,https://nightcafe.studio
13790,Typeface,https://typeface.ai
909,Path Robotics,https://path-robotics.com
6086,Synthflow AI,https://synthflow.ai
4932,TL;DV,https://tldv.io
11749,Rosebud Journal,https://rosebud.app
5842,cartesia.ai,https://cartesia.ai
4663,Folk App,https://folk.app
6625,Behavox,https://behavox.com
2083,WebWave,https://webwave.me
13356,Woebot Health,https://woebothealth.com
13960,eMastered,https://emastered.com
12849,Text IQ,https://relativity.com
13534,ElectroNeek,https://electroneek.com
933,K Health,https://khealth.com
6797,Enveda Biosciences,https://enveda.com
6610,ŌURA,https://ouraring.com
6543,Netguru,https://netguru.com
6649,Simpplr,https://simpplr.com
4512,Affine ai,https://affine.pro
13068,Hippo Video,https://hippovideo.io
6934,SalesLoft,https://salesloft.com
736,Phenom,https://phenom.com
13667,MARQ,https://marqvision.com
13497,Unscreen,https://unscreen.com
7093,Missive,https://missiveapp.com
3398,poptin,https://poptin.com
5908,Genmo,https://genmo.ai
2432,Quiz Wizard,https://wooclap.com
11209,Create,https://create.xyz
910,Pharma.AI,https://pharma.ai
6586,Glia,https://glia.com
13809,GravityWrite,https://gravitywrite.com
3746,GRID 2.0,https://grid.is
9428,1min.AI,https://1min.ai
12110,HealthifyMe,https://healthifyme.com
12717,Clarifai,https://clarifai.com
13455,Pecan AI,https://pecan.ai
4768,MeetGeek,https://meetgeek.ai
13334,Uizard,https://uizard.io
6716,Kyligence,https://kyligence.io
4537,Quod AI,https://appmaster.io
5530,Fireworks.ai,https://fireworks.ai
11779,SEO Writing AI,https://seowriting.ai
13310,Snappr,https://snappr.com
13153,Vidnoz AI,https://vidnoz.com
5552,God of Prompt,https://godofprompt.ai
2966,Resume IO,https://resume.io
12206,Contentful,https://contentful.com
12092,Dynamic Yield,https://dynamicyield.com
12193,Freepik,https://freepik.com
16229,Deepdreamgenerator,https://deepdreamgenerator.com
12724,DataVisor,https://datavisor.com
4472,Upmetrics,https://upmetrics.co
4306,Membership.io,https://membership.io
13590,StableCode,https://stability.ai
5206,Kula,https://kula.ai
6585,Exscientia,https://exscientia.com
5759,Viggle AI,https://viggle.ai
12847,Ready Player Me,https://readyplayer.me
7811,Hypefury,https://hypefury.com
13584,Saturn Cloud,https://saturncloud.io
6714,Boulevard,https://joinblvd.com
6872,RecruitCRM,https://recruitcrm.io
6811,DevRev,https://devrev.ai
12496,Everypixel,https://everypixel.com
10035,JobRight.ai,https://jobright.ai
5874,Decart AI,https://decart.ai
10259,Phrasly,https://phrasly.ai
3792,Letsenhance,https://letsenhance.io
13482,Spot AI,https://spot.ai
737,Seismic,https://seismic.com
11554,Jamie,https://meetjamie.ai
7643,Scite,https://scite.ai
12718,Close,https://close.com
13462,RadAI,https://radai.com
8572,Modyfi,https://modyfi.com
8324,Vapi,https://vapi.ai
7636,Replica,https://replicastudios.com
5382,Twelve Labs,https://twelvelabs.io
13646,Encord,https://encord.com
13484,SuperAnnotate,https://superannotate.com
7549,Headliner,https://headliner.app
6657,Biofourmis,https://biofourmis.com
12681,Qventus,https://qventus.com
21331,Factris,https://factris.com
4495,NetworkAI,https://wonsulting.com
6631,Deepki,https://deepki.com
8651,Rytr,https://rytr.me
13130,Sanalabs,https://sanalabs.com
2692,AcademyOcean,https://academyocean.com
6679,Luminance’s AI,https://luminance.com
2273,AppSheet,https://appsheet.com
12649,Codacy,https://codacy.com
13137,Soul Machines,https://soulmachines.com
5331,Trumpet,https://sendtrumpet.com
13121,Qure.ai,https://qure.ai
6874,Dotaki,https://abtasty.com
5184,Imbue,https://imbue.com
2279,Ava,https://ava.me
13311,Snov Email Writer,https://snov.io
13094,Legion Technologies,https://legion.co
12657,GeeTest CAPTCHA,https://geetest.com
21878,Xeneta,https://xeneta.com
13672,Blueprint,https://merge.dev
13600,Tecton,https://tecton.ai
6737,Bear Robotics,https://bearrobotics.ai
15654,Cascadeur,https://cascadeur.com
12072,XANT,https://insidesales.com
13051,Fetcher,https://fetcher.ai
13478,SiMa.ai,https://sima.ai
21664,StudeerSnel,https://www.studeersnel.nl/
13604,Tollguru,https://tollguru.com
1451,EarnBetter,https://earnbetter.com
6080,Submagic,https://submagic.co
9425,Janitor AI,https://janitorai.com
4263,INK,https://inkforall.com
13690,Sanas,https://sanas.ai
12112,Optimove,https://optimove.com
6823,Trustpage,https://vanta.com
5882,DocTranslate,https://doctranslate.io
5869,Creatify,https://creatify.ai
6583,ContractPodAi,https://contractpodai.com
6758,Seekout,https://seekout.com
12389,Turing College,https://turingcollege.com
12735,HEAVY.AI,https://heavy.ai
6638,HyperScience,https://hyperscience.com
13147,Up Learn,https://uplearn.co.uk
5421,Yoodli AI,https://yoodli.ai
902,Mythic,https://mythic.ai
13256,Klarity,https://klarity.ai
6548,Brain Corp,https://braincorp.com
3449,SellTheTrend,https://sellthetrend.com
2452,Trim,https://asktrim.com
944,Datasnipper,https://datasnipper.com
6051,SaveDay,https://save.day
756,Tredence,https://tredence.com
5129,Equals,https://equals.com
1468,Ideogram,https://ideogram.ai
12017,anyvision.co,https://oosto.com
13620,AirBrush,https://airbrush.com
6582,CommerceIQ,https://commerceiq.ai
1462,Getimg.ai,https://getimg.ai
12128,Dental Monitoring,https://dentalmonitoring.com
6651,Tractable,https://tractable.ai
4036,Zeemo,https://zeemo.ai
12167,Pacvue,https://pacvue.com
12312,covariant.ai,https://covariant.ai
12098,WSC Sports Technologies,https://wsc-sports.com
13423,Hawkai,https://hawk.ai
6006,mypagecloud.com,https://pagecloud.com
13253,Forma,https://joinforma.com
5301,Qdrant,https://qdrant.tech
3218,Fetch.AI,https://fetch.ai
6158,JoggAI,https://jogg.ai
4835,Pixcap,https://pixcap.com
13345,Vic.ai,https://vic.ai
974,Origin,https://useorigin.com
2215,Markeuse,https://marketmuse.com
8243,Removal.ai,https://removal.ai
2408,Statmuse,https://statmuse.com
16334,Divi Supreme,https://divisupreme.com
915,Steve AI,https://steve.ai
12000,AVCLabs,https://avclabs.com
1985,Fing,https://fing.com
6706,Evisort,https://evisort.com
13163,Plum,https://withplum.com
5873,Decagon,https://decagon.ai
2841,Skip,https://helloskip.com
12642,Atomwise,https://atomwise.com
4832,Pieces for Developers,https://pieces.app
12208,WHOOP,https://whoop.com
12996,WorkRamp,https://workramp.com
16667,Facy.ai Face Swap,https://facy.ai
11917,Typing Mind,https://typingmind.com
18802,PicLumen,https://piclumen.com
13639,Demostack,https://demostack.com
12884,Apify,https://apify.com
6623,Avataar,https://avataar.ai
5423,Zebracat,https://zebracat.ai
13360,Zeroqode,https://zeroqode.com
6512,DVDFab DVD Copy,https://dvdfab.cn
20878,Voxify,https://voxify.ai
4390,Replicate,https://replicate.com
2356,Jobscan,https://jobscan.co
908,impel.ai,https://impel.ai
6643,Oxa,https://oxa.tech
12089,Bird,https://bird.com
12828,LeiaSR,https://leiainc.com
886,Quid,https://quid.com
10550,TheB.AI,https://theb.ai
13687,Rebellions,https://rebellions.ai
13542,Genesis Therapeutics,https://genesistherapeutics.ai
6746,Hevo Data,https://hevodata.com
13546,Hayden AI,https://hayden.ai
6560,Harver,https://harver.com
6678,Locus,https://locus.sh
13611,Vianai Systems,https://vian.ai
21662,Trengo,https://trengo.com
7743,Colorcinch,https://cartoonize.net
13733,Galileo,https://galileo.ai
13231,Fundraise Up,https://fundraiseup.com
5112,Dora AI,https://dora.run
5486,Clerk.chat,https://clerk.chat
669,Video To Blog,https://videotoblog.ai
5543,Freed,https://getfreed.ai
13495,Unit21,https://unit21.ai
9448,Rizz generator,https://ai4chat.co
2489,Crisp MagicReply,https://crisp.chat
13232,FuriosaAI,https://furiosa.ai
817,Quick Draw,https://quickdraw.withgoogle.com
13316,Stellar Cyber,https://stellarcyber.ai
11998,Interos,https://interos.ai
3486,Taskade,https://taskade.com
11965,Wegic,https://wegic.ai
6356,Meshy,https://meshy.ai
6753,PlayPlay,https://playplay.com
177,Audiopen,https://audiopen.ai
6641,ocrolus.com,https://ocrolus.com
4177,Deepchecks Monitoring,https://deepchecks.com
13714,Artisse,https://artisse.ai
8420,ContentBot.ai,https://contentbot.ai
5830,Blaze AI,https://blaze.ai
14013,Hint,https://hint.app
13349,Vrew,https://vrew.ai
5272,OpenBB,https://openbb.co
21762,Keystone Education Group,https://keg.com
13547,Heidi,https://heidihealth.com
6673,Klue,https://klue.com
13301,Replicant,https://replicant.com
6525,Quinyx,https://quinyx.com
3380,Parabola,https://parabola.io
14251,PDF2Anki,https://memo.cards
6754,Prewave.ai,https://prewave.com
17793,Kreado AI,https://kreadoai.com
13573,Alpha,https://public.com
13419,Glide Apps,https://glideapps.com
13097,mabl,https://mabl.com
12505,Animoto,https://animoto.com
4058,Aime by AInvest,https://ainvest.com
13866,Namify,https://namify.tech
18282,Most Recommended Books,https://mostrecommendedbooks.com
11899,TranscribeMe,https://transcribeme.app
6535,Conversica,https://conversica.com
12508,Plan by ixigo,https://ixigo.com
695,Appian,https://appian.com
969,Overjet ai,https://overjet.com
3339,Meet Alfred,https://meetalfred.com
17140,GPTGO,https://gptgo.ai
13275,Nimble Robotics,https://nimble.ai
12511,Speechmatics,https://speechmatics.com
3370,Ocean Protocol,https://oceanprotocol.com
13507,AKUR8,https://akur8.com
13176,AI Assist,https://airfocus.com
48,Unicorn platform,https://unicornplatform.com
6614,Synerise,https://synerise.com
3996,TradeInt,https://tradeint.com
2425,untapt,https://untapped.io
4761,Macro.com,https://macro.com
13569,Pinata Rent,https://pinata.ai
12540,Presto AI,https://presto.com
20884,Vozo AI,https://vozo.ai
13619,Zesty.co,https://zesty.co
12962,Primer.ai,https://primer.ai
3836,Nabla,https://nabla.com
2958,Quetext,https://quetext.com
4763,Mailmodo,https://mailmodo.com
6813,Evoto,https://evoto.ai
7681,Vast.AI,https://vast.ai
7837,Link Whisper,https://linkwhisper.com
12953,Meter,https://meter.com
16711,Felo,https://felo.ai
6829,Futureverse.com,https://futureverse.com
12014,Uptake,https://uptake.com
13752,Protex AI,https://protex.ai
12883,Animaker Subtitles,https://animaker.com
942,Boast.AI,https://boast.ai
6738,Clarity.ai,https://clarity.ai
932,Crowdbotics prd-ai,https://crowdbotics.com
1732,Humanize AI,https://humanizeaitext.ai
8934,Easy-Peasy.AI,https://easy-peasy.ai
14397,CamSoda AI,https://camsoda.com
12136,Ceipal,https://ceipal.com
13333,Typecast,https://typecast.ai
4654,Factors.AI,https://factors.ai
18464,NoFilterGpt.com,https://nofiltergpt.com
12954,MindBridge,https://mindbridge.ai
12792,Blueshift,https://blueshift.com
947,Outrider,https://outrider.ai
13481,Soona,https://soona.co
8402,Catalyst.Ai,https://catalyst.io
13510,Amplemarket,https://amplemarket.com
962,flockjay.com,https://flockjay.com
6843,The Leap,https://theleap.co
13126,Riverlane,https://riverlane.com
3681,delphia,https://delphia.com
3088,Anima App,https://animaapp.com
6133,Zeliq,https://zeliq.com
4273,Jovian,https://jovian.com
896,Clearpath Robotics,https://clearpathrobotics.com
2472,Capitalise,https://capitalise.ai
13751,prezent.ai,https://prezent.ai
13144,Tonkean,https://tonkean.com
13164,Xanadu,https://xanadu.ai
418,AdonisJS,https://adonisjs.com
12843,PROPHESEE,https://prophesee.ai
12150,KrazyBee,https://kbnbfc.in
13069,Hive Technology,https://hive.com
12816,Iguazio,https://iguazio.com
12845,Quantilope,https://quantilope.com
12130,Intellifusion,https://intellif.com
2020,SaneBox,https://sanebox.com
13526,Statsbot,https://cube.dev
3665,Dagster Labs,https://dagster.io
5347,Spinach.io,https://spinach.ai
13452,orum.com,https://orum.com
2801,Dooly,https://dooly.ai
12180,Pixelbin,https://pixelbin.io
12753,Output,https://output.com
8002,Artflow,https://artflow.ai
12367,Entos,https://iambic.ai
4801,Noota,https://noota.io
4183,Depict.ai,https://depict.ai
12675,ProfitWell,https://paddle.com
18377,Namelix,https://namelix.com
3959,SoWork,https://sowork.com
12972,Smith.ai,https://smith.ai
6030,ReachInbox,https://reachinbox.ai
877,OneTrust,https://onetrust.com
13391,Concentric,https://concentric.ai
21337,Fourthline,https://fourthline.com
13549,Horizon3.ai,https://horizon3.ai
10250,PDF Guru,https://pdfguru.com
21667,Brainly,https://brainly.com
3453,SerpApi,https://serpapi.com
13052,Forma.ai,https://forma.ai
2932,Octane AI,https://octaneai.com
5879,Dify,https://dify.ai
6626,Beyond Limits,https://beyond.ai
13795,11x,https://11x.ai
875,Samsara,https://samsara.com
9777,DocsBot,https://docsbot.ai
799,Adobe Express,https://express.adobe.com
5983,Mindtrip,https://mindtrip.ai
6817,AcroCharge,https://justt.ai
6701,Diffusely,https://diffuse.ly
6968,Fedica,https://fedica.com
99,Vidio,https://vidio.ai
1905,clickworker.com,https://clickworker.com
6421,Shortwave,https://shortwave.com
3977,Swell,https://swell.is
5061,Claap 2.0,https://claap.io
989,Clare AI,https://wati.io
9081,Langfuse,https://langfuse.com
6519,Movavi,https://movavi.com
12009,Nference,https://nference.com
5686,Reka AI,https://reka.ai
12313,Dataloop AI,https://dataloop.ai
13827,Zoviz,https://zoviz.com
768,AutoX,https://autox.ai
21828,Signicat,https://signicat.com
700,JetBrains,https://jetbrains.com
13412,Ezra,https://ezra.com
5653,Originality.AI,https://originality.ai
12799,Cequence Security,https://cequence.ai
8642,Relay.app,https://relay.app
13454,Pachama,https://pachama.com
4561,Blobr,https://blobr.io
18448,Nichess,https://nichesss.com
13505,Abacus,https://abacus.ai
735,CloudFactory,https://cloudfactory.com
8189,Neural.Love,https://neural.love
12646,Builder AI,https://builder.ai
6644,Perfect Corp.,https://perfectcorp.com
3225,flAI,https://flalingo.com
11742,Rize,https://rize.io
4971,Xata,https://xata.io
4466,Tryp.com,https://tryp.com
6672,InstaDeep,https://instadeep.com
5375,Alfred AI,https://treblle.com
13582,Robin AI,https://robinai.com
12104,Amplitude,https://amplitude.com
13375,Applitools Eyes,https://applitools.com
4879,Rootly,https://rootly.com
5424,Zeda,https://zeda.io
7101,Nuclino,https://nuclino.com
6591,Persado,https://persado.com
4307,RoboReply,https://merchynt.com
10685,Wondercraft,https://wondercraft.ai
2892,Vocly,https://ling-app.com
4420,SocialBu,https://socialbu.com
6589,Introhive,https://introhive.com
13401,Deepset,https://deepset.ai
17384,HumanizeAI,https://humanizeai.pro
13411,Evinced,https://evinced.com
8117,HyperWrite,https://hyperwriteai.com
5836,Brisk Teaching,https://briskteaching.com
2836,GetSales.io,https://getsales.io
5837,Buildship,https://buildship.com
7833,Knowt,https://knowt.com
3184,DealMachine,https://dealmachine.com
14514,Soulfun AI,https://soulfun.ai
2480,ClassPoint AI,https://classpoint.io
12990,Urbint,https://urbint.com
986,Panzura,https://panzura.com
12498,Inbenta,https://inbenta.com
5088,DailyBot,https://dailybot.com
13067,Helm.ai,https://helm.ai
13951,Spark,https://sparkmailapp.com
13746,Deep Lens,https://paradigm.inc
13083,Juro,https://juro.com
13264,Levitate,https://levitate.ai
13677,Nooks ai,https://nooks.ai
13328,PictoBlox,https://thestempedia.com
7874,Octopus.do,https://octopus.do
11781,Shape Factory,https://shapefactory.co
8132,Jupitrr,https://jupitrr.com
12887,Autonomous,https://autonomous.ai
20861,Voicenotes,https://voicenotes.com
8732,Upheal,https://upheal.io
5862,Coderabbit,https://coderabbit.ai
6656,AnyClip,https://anyclip.com
6658,Bright Data,https://brightdata.com
6250,ChatDOC,https://chatdoc.com
7312,ChatBot,https://chatbot.com
12976,Syte.ai,https://syte.ai
13641,Dorik,https://dorik.com
769,Black Sesame Technologies,https://bst.ai
12906,DataDome,https://datadome.co
3839,nate,https://nate.tech
13023,Corti AI,https://corti.ai
6805,Traceable,https://traceable.ai
13758,Willy,https://triplewhale.com
3624,Bliq,https://bliq.app
2610,ProGuides,https://proguides.com
9496,AI Top Tools,https://aitoptools.com
7061,BuildGroup,https://buildgroup.com
730,Samasource,https://sama.com
7525,Encharge,https://encharge.io
12032,Parloa,https://parloa.com
164,AIcarousels,https://aicarousels.com
6517,Interactions,https://interactions.com
12631,stylitics.com,https://stylitics.com
3791,lemlist,https://lemlist.com
13337,Unlearn,https://unlearn.ai
13766,Armada,https://armada.ai
13656,Gretel,https://gretel.ai
963,Gradient AI,https://gradientai.com
4952,Visla,https://visla.us
6405,Resumaker,https://resumaker.ai
14402,Chub,https://chub.ai
8917,Digma.ai,https://digma.ai
1599,Junia,https://junia.ai
928,Wysa,https://wysa.com
9143,Nuelink,https://nuelink.com
3940,Selldone,https://selldone.com
13295,Pryon,https://pryon.com
12370,Rephrase,https://rephrase.ai
4039,zopto.com,https://zopto.com
18415,Neuronwriter,https://neuronwriter.com
4846,Prisma Editor,https://prisma.io
5079,Cradle,https://cradle.bio
18836,PixAI Art,https://pixai.art
6605,Front,https://front.com
13673,Murf.ai,https://murf.ai
6063,SmythOS,https://smythos.com
13571,PMcardio,https://powerfulmedical.com
7076,Fireflies,https://fireflies.ai
